id,area,title,persona,journey,expected,entry_points,qa_status,bug_ids,fix_status,retest_status,fix_commits,evidence,last_report,overlaps,notes
ADM-primeiro-login-entra,ADM,"Entrar no backoffice na primeira tentativa, com credenciais válidas",Nana,J-cadastrar-produto-com-grade,Digitar e-mail e senha corretos leva ao painel na PRIMEIRA tentativa; credencial errada mostra mensagem de erro,http://localhost:8081/admin/login,pass,BUG-20260802-primeiro-login-do-admin-volta-para-a-tela,fixed,pass,f620217,docs/qa/evidence/2026-08-02-backoffice-catalogo-11-14/login-primeira-tentativa-entra-corrigido.png,docs/qa/reports/2026-08-02-backoffice-catalogo-11-14.md,,"**Lacuna de planejamento que a execução encontrou.** O ciclo mapeou nove journeys de catálogo e nenhuma delas cobria o passo 0 — entrar. O login estava tratado como pré-condição de ambiente, não como comportamento visível para uma persona. Ele é o passo 0 de **todas** as journeys de backoffice, então mora na área `ADM` e é referenciado por elas. A journey associada é `J-cadastrar-produto-com-grade` por ser a de maior valor entre as que ele bloqueia — não porque ele pertença só a ela."
ADR-blocos-colapsados-na-recompra,ADR,Cliente recorrente encontra Contato e Entrega já prontos e colapsados,Marina,J-recompra-endereco-salvo,"Com addresses.is_default salvo e 2+ opções cotadas, o bloco Entrega nasce COLAPSADO com a mais barata selecionada",http://localhost:8080/checkout,untested,,,,,,../reports/2026-07-28-checkout-08-09.md,,"ADR-02. **Este AC já falhou uma vez**: colapsar exige `shipping !== null`, e semear o endereço não selecionava frete nenhum — com 2+ opções o bloco abria expandido. Corrigido pré-selecionando a mais barata. Andar com **2 ou mais** opções cotadas, não com uma (com uma só já funcionava antes)."
ADR-um-unico-endereco-default,ADR,Editar o endereço não cria um segundo default,Marina,J-recompra-endereco-salvo,count(*) em addresses com is_default=true para o customer segue 1 antes e depois de editar,http://localhost:8080/checkout,untested,,,,,,,,Prova no banco. Cobre a policy de UPDATE em `addresses` criada pela 08 — e o fato de que RLS negando devolve 0 linhas sem erro.
AUTH-overlay-preserva-carrinho,AUTH,Fechar o overlay de login não perde o carrinho,Bia,J-compra-pix-celular,"Ao fechar o overlay sem entrar, os itens do carrinho continuam lá",http://localhost:8080/checkout,pass,BUG-20260728-auth-local-so-entrega-ao-dono-do-resend,fixed,pass,,"re-walk 390×844 (Bia) — carrinho com 1 item sobrevive ao fechar o overlay em /checkout; overlay avança para ""Digite o código"" sem alerta de erro",../reports/2026-08-02-auth-otp-remetente.md,,"Login é obrigatório, entao quem chega em `/checkout` deslogada vê o overlay com `returnTo=/checkout`. Bia não esperava ter de criar conta — o caminho de saída dela não pode custar o carrinho. Conferir também que o foco fica preso no overlay (não vaza para a página atrás) e que Esc fecha."
BLK-barra-oferece-as-seis-acoes,BLK,"A barra de massa oferece as seis ações, e Ativar/Pausar mudam o status numa operação",Nana,J-agir-na-selecao-sem-perder-catalogo,"Com linhas selecionadas a barra mostra Editar em massa, Ativar, Pausar, Duplicar, Exportar e Excluir com a contagem de itens; Ativar e Pausar aplicam numa operação, com o toast ""X alterados · Y falharam"" e o desfazer de 30 s",http://localhost:8081/admin/produtos,skipped,,,,,,docs/qa/reports/2026-08-02-backoffice-catalogo-11-14.md,,"`RFN-01` + `RFN-02` (`14`/P1.1 AC 1-2), a lacuna nº 1 da `13`: existiam duas ações de seis — a lojista selecionava 12 produtos e a única coisa possível era abrir um painel. O fecho é na vitrine: pausar 12 produtos tem que tirá-los da loja."
BLK-duplicar-nasce-rascunho,BLK,"Duplicar cria cópias como rascunho, com slug próprio livre, num único insert",Nana,J-agir-na-selecao-sem-perder-catalogo,"Cada selecionado gera uma cópia como rascunho, com ""(cópia)"" no nome e slug próprio; se o slug da cópia colidir, recebe sufixo até ficar livre; e os originais não são tocados",http://localhost:8081/admin/produtos,skipped,,,,,,docs/qa/reports/2026-08-02-backoffice-catalogo-11-14.md,,"`RFN-01` (AC 3) + o edge case do slug. Nascer **rascunho** é a proteção: uma cópia ativa entraria na vitrine com o nome ""(cópia)"" à vista da cliente. O `UNIQUE` do banco não pode ser a primeira linha de defesa — duplicar 12 produtos e receber erro de constraint no meio deixa metade criada."
BLK-excluir-mostra-antes-de-apagar,BLK,Excluir em massa lista os produtos e exige a palavra EXCLUIR antes de apagar,Dora,J-agir-na-selecao-sem-perder-catalogo,"A etapa 1 lista nome, preço e status de cada produto e informa quantos são (seleção grande mostra os primeiros N e ""e mais X""); a etapa 2 só habilita a ação com a palavra EXCLUIR digitada (minúsculas aceitas); cancelar em qualquer etapa não exclui nada e preserva a seleção",http://localhost:8081/admin/produtos,skipped,,,,,,docs/qa/reports/2026-08-02-backoffice-catalogo-11-14.md,BLK-excluir-nao-orfana-pedido,"`RFN-02` (`A27`). Excluir é a única ação da barra **sem desfazer**: `useUndoBuffer` restaura valores, não linhas apagadas. As duas etapas são a única proteção que existe. Dora é a persona: ela é quem lê a lista, reconhece um produto que não devia estar ali e cancela. Exigir caixa exata em `EXCLUIR` seria hostilidade — `excluir` minúsculo é aceito por decisão de spec."
BLK-excluir-nao-orfana-pedido,BLK,"Excluir produto já vendido falha de forma legível, sem levar o histórico do pedido",Nana,J-agir-na-selecao-sem-perder-catalogo,"Excluir um produto cujas variações já foram vendidas relata a falha em linguagem de loja (""X excluídos · Y falharam"" com o motivo), nunca um erro de FK cru — e o pedido antigo continua legível com item, preço e rótulo da variação",http://localhost:8081/admin/produtos,skipped,,,,,,docs/qa/reports/2026-08-02-backoffice-catalogo-11-14.md,BLK-excluir-mostra-antes-de-apagar; PRD-excluir-variacao-vendida,"`RFN-01` AC 8 encontrando a armadilha de banco de `PFM-08` AC 9a: a FK `order_items.variant_id → product_variants(id)` é `NO ACTION`. Duas formas de falhar, ambas graves — erro cru na cara da lojista, ou (se algum dia ganhar `CASCADE`) item de pedido pago desaparecendo. O histórico do pedido tem defesa própria (`order_items.variant_label` e `variant_options` congelam o rótulo na compra), e é isso que se confere na página do pedido depois da tentativa."
BLK-exportar-volta-pelo-importador,BLK,O CSV exportado é relido pelo Importar CSV sem edição manual,Nana,J-agir-na-selecao-sem-perder-catalogo,"Exportar baixa um CSV apenas com os selecionados, nas mesmas colunas que o Importar CSV aceita; produto com grade leva o base_price (não a faixa); e o arquivo baixado é aceito de volta pelo importador sem edição",http://localhost:8081/admin/produtos,skipped,,,,,,docs/qa/reports/2026-08-02-backoffice-catalogo-11-14.md,,"`RFN-03` (`A26`). O valor não é ""baixou um arquivo"" — é fechar o ciclo exportar → editar no Excel → reimportar. Um CSV que o próprio importador recusa é meio caminho que parece pronto."
BLK-grade-rapida-colar-e-criar,BLK,"Colar 8 linhas do Excel e criar só as válidas, herdando os padrões do lote",Nana,J-cadastrar-lote-grade-rapida,"Colar com ⌘V distribui as linhas em células aplicando as máscaras pt-BR; o rodapé mostra ""7 prontas · 1 com erro""; criar gera só as 7, como rascunho, com a grade do cruzamento dos padrões herdando o preço da linha, e mantém a linha com erro na tela",http://localhost:8081/admin/produtos/grade-rapida,skipped,,,,,,docs/qa/reports/2026-08-02-backoffice-catalogo-11-14.md,,"`PLS-07` (P2.3 AC 1-9). O happy path do drop: 20 itens numa tela em vez de 20 formulários. A herança dos padrões é onde o silêncio é caro — se um padrão não é aplicado, o produto nasce sem categoria ou sem grade e ninguém vê, porque a linha **foi** criada. Conferir no banco o que herdou: `product_categories`, `products.options` e `product_variants`."
BLK-grade-rapida-erro-na-linha,BLK,"Erro aparece abaixo da linha na hora, nomeando a URL em conflito",Dora,J-cadastrar-lote-grade-rapida,"A linha inválida mostra o erro imediatamente abaixo dela, sem esperar o submit (""Preço é obrigatório"", ""já existe um produto com a URL /..."" nomeando a URL); colar 500 linhas limita o lote a 200 com aviso explícito em vez de travar a aba",http://localhost:8081/admin/produtos/grade-rapida,skipped,,,,,,docs/qa/reports/2026-08-02-backoffice-catalogo-11-14.md,,"`PLS-07` AC 6 + os edge cases de slug e de teto (`A24`). Numa planilha de 20 linhas, erro que só aparece no submit obriga a caçar qual linha — e o erro genérico ""já existe"" não diz qual URL colidiu."
BLK-grade-rapida-imagem-na-celula,BLK,A coluna imagem existe na planilha e usa a mesma validação da aba Mídia,Nana,J-cadastrar-lote-grade-rapida,"A coluna imagem existe antes de Nome; escolher arquivo usa a mesma validação e conversão da aba Mídia (PNG/JPG/WebP, 8 MB, WebP 1600 px) com miniatura e ação de remover; a imagem entra em products.images como {url, alt, source:'upload'}; e upload que falha deixa a linha criável sem imagem, com o motivo nomeado",http://localhost:8081/admin/produtos/grade-rapida,skipped,,,,,,docs/qa/reports/2026-08-02-backoffice-catalogo-11-14.md,MED-upload-rejeita-antes-de-comprimir,"`RFN-05` (`14`/P1.3, `A30`). Era lacuna declarada da `13`: cadastrar 20 produtos em lote e depois abrir 20 formulários para pôr foto anula metade do ganho. O teste é **comparativo**: o mesmo arquivo de 12 MB rejeitado na aba Mídia tem que ser rejeitado aqui, com a mesma mensagem — reusar `uploadProductImages` era a condição para a coluna existir."
BLK-grade-rapida-uma-escrita-em-lote,BLK,"Criar N produtos usa um insert de produtos, um de variações e um refetch",Nana,J-cadastrar-lote-grade-rapida,"A rede registra um insert de produtos, um de variações e um único refetch da listagem — não N de cada",http://localhost:8081/admin/produtos/grade-rapida,skipped,,,,,,docs/qa/reports/2026-08-02-backoffice-catalogo-11-14.md,,"`PLS-08` (P2.3 AC 10). O requisito nasceu de um defeito medido: `handleBatchImport` chamava `createProduct` num laço e cada `createProduct` terminava em `fetchProducts()` — 40 produtos = 40 `SELECT`s do catálogo inteiro. **Um lote que cria os produtos certos com N requisições falha este cenário mesmo com a tela verde.** Contar requisições é parte da sessão, não zelo extra."
BLK-massa-categorias-e-agendar,BLK,Painel de massa muda categorias por diff e agenda com data obrigatória,Nana,J-reprecificar-em-massa,"Categorias oferece Adicionar, Remover e Substituir (com a prévia avisando que as atuais serão removidas) e escreve por diff, sem reescrever vínculo que não mudou; Status oferece Ativar, Pausar e Agendar, e Agendar exige data e tira o produto da loja até ela",http://localhost:8081/admin/produtos,skipped,,,,,,docs/qa/reports/2026-08-02-backoffice-catalogo-11-14.md,,"`RFN-04` (`14`/P1.2) — a lacuna que a `13` declarou: `buildBulkPatch` **implementava e testava** os dois modos, faltava só a UI. Então aqui o que se testa é a **costura**: o interruptor certo, o diff certo no banco, e o agendado fora da vitrine. Conferir `product_categories` antes e depois: vínculo que não mudou não pode ter sido reescrito (`updated_at`/ordem preservados)."
BLK-massa-desfazer-de-30s,BLK,"Desfazer de 30 s devolve os valores anteriores, e falha parcial é relatada honestamente",Nana,J-reprecificar-em-massa,"Aplicar mostra toast ""X alterados (· Y falharam)"" com Desfazer · 30 s; o desfazer restaura os valores capturados antes da escrita apenas nos itens efetivamente alterados; e depois de 30 s ou de um reload o desfazer desaparece",http://localhost:8081/admin/produtos,skipped,,,,,,docs/qa/reports/2026-08-02-backoffice-catalogo-11-14.md,,"`PLS-06` AC 9-11 (`A23`). Não existe `undo` transacional: é um segundo `update` com o snapshot pré-escrita. Logo o caso que importa é o **parcial** — se 9 de 12 mudaram, o desfazer cobre 9. O buffer viver em memória e sumir no reload é declarado (`A23`), não bug. Estoque com produtos de `stock_policy = 'none'` na seleção: eles são ignorados **e** a tela diz quantos (AC 5)."
BLK-massa-previa-bate-com-a-conta,BLK,Prévia do impacto de +10% bate com a conta feita à mão antes de escrever,Nana,J-reprecificar-em-massa,"A Prévia do impacto mostra antes → depois das primeiras linhas afetadas, o ticket médio antes e depois e os avisos — e o resultado aplicado bate com a prévia em 3 linhas conferidas à mão",http://localhost:8081/admin/produtos,skipped,,,,,,docs/qa/reports/2026-08-02-backoffice-catalogo-11-14.md,,"`PLS-06` (P2.2 AC 4, 8). A prévia é a única coisa entre a boa intenção e o catálogo reprecificado errado. Uma prévia que **mostra** um número e **grava** outro é pior que nenhuma prévia: a lojista confere, aprova e o dano fica invisível. Inclui os modos `Definir valor`, `Aumentar %`, `Diminuir %` e `Arredondar` (com `terminar em ,90`). Cancelar não pode escrever nada."
BLK-massa-so-o-que-esta-ligado,BLK,"Só os campos com interruptor ligado são alterados, e a seleção é a capturada",Nana,J-reprecificar-em-massa,"Campos desligados não mudam nada nos produtos afetados; é possível selecionar todos os N do filtro (não só a página visível); e a operação usa os ids capturados na seleção, mesmo se o filtro mudar depois",http://localhost:8081/admin/produtos,skipped,,,,,,docs/qa/reports/2026-08-02-backoffice-catalogo-11-14.md,,"`PLS-05` AC 2 + `PLS-06` AC 3 + o edge case do filtro reavaliado. O risco é de alcance: um campo que ""vaza"" muda dado em dezenas de produtos de uma vez, e ninguém procura o que não pediu para mudar. Verificar no banco os campos **não** ligados dos produtos afetados — é a única forma de ver o vazamento."
BMP-condicoes-de-exibicao,BMP,Order bump só aparece quando as quatro condições valem,Marina,J-bump-exibido-cobrado,"Some quando desligado, produto inexistente, stock_total = 0, ou produto já no carrinho",http://localhost:8080/checkout,untested,,,,,,,,"Os quatro casos negativos, um por um. O de 'ja' no carrinho' tem uma consequência deliberada: o servidor **ainda desconta** por `product_id`, entao esse item sai com o desconto configurado. Conferir que é isso que acontece, e não um erro."
BMP-exibido-igual-cobrado,BMP,"Valor cobrado com o bump é idêntico ao exibido, ao centavo",Marina,J-bump-exibido-cobrado,orders.total no banco == valor que o rótulo do CTA exibia no momento do acionamento,http://localhost:8080/checkout,blocked-verify,BUG-20260728-edge-runtime-sem-dns,,,,,../reports/2026-07-28-checkout-08-09.md,CHK-cta-valor-por-metodo,"**O cenário mais importante do ciclo.** Este defeito reapareceu duas vezes: na 08 a base do cupom era arredondada em um lado e não no outro (3 x R$ 29,90 + cupom 15% exibia 72,43 e cobrava 72,44); na 09 o Verifier deixou BMP-04 como 'Needs Fix na cláusula idêntico ao exibido'. Combinações obrigatorias: bump + cupom `percent`, bump + cupom `fixed` que excede o subtotal, bump + desconto PIX, bump + cupom `free_shipping`. Anotar o valor do rótulo **antes** de acionar e comparar com `SELECT total FROM orders`. Divergência de um centavo é FALHA, não arredondamento aceitavel."
BMP-marcar-desmarcar-nao-acumula,BMP,Marcar e desmarcar o bump várias vezes não acumula desconto,Léo,J-bump-exibido-cobrado,"Depois de 3 ciclos de marcar/desmarcar, um único item com o desconto aplicado uma única vez",http://localhost:8080/checkout,untested,,,,,,,,"`applyOrderBump` **não é idempotente por composicao** — quem chama tem de passar preço cheio + o objeto `bump`, nunca uma lista já descontada. Duas aplicacoes seguidas dariam metade da metade."
CAT-contagem-vem-do-servidor,CAT,A contagem de produtos por categoria é resolvida no servidor e bate com o banco,Nana,J-organizar-categorias,"Cada categoria mostra a contagem de produtos, o número bate com a contagem no banco, e a rede mostra consulta agregada — não um select('*') do catálogo para somar no cliente",http://localhost:8081/admin/categorias,pass,,,,,,docs/qa/reports/2026-08-02-backoffice-catalogo-11-14.md,,"`RFN-09` AC 2. Somar no cliente exigiria ler o catálogo inteiro — exatamente o defeito que a `13` matou na listagem de produtos. Tela nova (commit `1bee074` + migration `20260801150000`), então tudo aqui é superfície nova."
CAT-criar-inline-sem-perder-rascunho,CAT,"Criar categoria pelo formulário do produto já a deixa marcada, sem perder o rascunho",Nana,J-organizar-categorias,"Buscar uma categoria inexistente no formulário do produto oferece ""Criar categoria <termo>"" (⌘⏎); o diálogo curto salva, a nova categoria já vem marcada no produto, e nada do rascunho do produto se perde",http://localhost:8081/admin/produtos/novo,skipped,,,,,,docs/qa/reports/2026-08-02-backoffice-catalogo-11-14.md,PRD-taxonomia-nao-suja,"`PFM-05` AC 3. É o caminho real do cadastro: a lojista descobre no meio do formulário que a categoria do drop novo não existe. Perder o rascunho aqui custa o cadastro inteiro. Edge case declarado: se ela cria a categoria e desiste do produto, a categoria **permanece** — é objeto próprio, e o comportamento previsível é melhor que um rollback surpresa."
CAT-excluir-nomeia-quantos-perdem,CAT,Excluir categoria com produtos nomeia quantos ficam sem ela e exige confirmação,Dora,J-organizar-categorias,Excluir uma categoria que tem produtos abre confirmação dizendo quantos produtos ficam sem ela; cancelar não muda nada; confirmar remove só a categoria — os produtos continuam existindo e a vitrine não fica com link morto,http://localhost:8081/admin/categorias,skipped,,,,,,docs/qa/reports/2026-08-02-backoffice-catalogo-11-14.md,,"`RFN-09` AC 3. Categoria é taxonomia de navegação: excluir sem aviso deixa produto sem caminho e link morto na loja — e quem paga é a cliente, não o admin. Dora é a persona: ela limpa o que ""parece duplicado"" sem saber quantos produtos dependem daquilo."
CAT-hierarquia-e-criacao,CAT,Criar categoria filha grava de verdade e aparece sob o pai,Nana,J-organizar-categorias,"Criar uma categoria com pai e slug automático grava sem erro e ela aparece sob o pai na árvore; a tela usa a mesma linguagem da listagem v2 (visões com contagem, busca por nome ou slug, seleção, barra de massa, inspetor)",http://localhost:8081/admin/categorias,blocked-verify,,,,,,docs/qa/reports/2026-08-02-backoffice-catalogo-11-14.md,,"`RFN-09` AC 1. **Este é o cenário do `AD-012`:** `DbCategory` declarava `parent_id`, `banner_url` e `color_accent` havia meses, o banco não tinha nenhuma das três, e **toda gravação de categoria falhava com `PGRST204`** sem nada pegar — o build não checa tipo, o `tsc` achava o código certo porque o tipo mentia, e os testes mockavam o client. Logo: **prove que grava.** Conferir a linha em `categories` depois de salvar, não a tela."
CHK-cta-desabilitado-incompleto,CHK,CTA fica desabilitado enquanto houver bloco incompleto,Bia,J-compra-pix-celular,CTA desabilitado com qualquer bloco incompleto; habilita só quando os três estao completos,http://localhost:8080/checkout,pass,,,,,docs/qa/evidence/2026-07-28-checkout-08-09/,../reports/2026-07-28-checkout-08-09.md,,Critério de 'completo' por bloco (CHK-03): Contato = nome + e-mail valido + WhatsApp de 10/11 dígitos; Entrega = CEP de 8 dígitos + 5 campos + **opção de frete selecionada**; Pagamento = metodo habilitado + CPF valido.
CHK-cta-valor-por-metodo,CHK,Rótulo do CTA mostra o valor do metodo escolhido,Marina,J-compra-pix-celular,"Com pix_discount_percent = 5, o rótulo em PIX e em cartao mostram valores DIFERENTES",http://localhost:8080/checkout,pass,,,,,docs/qa/evidence/2026-07-28-checkout-08-09/,../reports/2026-07-28-checkout-08-09.md,CHK-bump-exibido-igual-cobrado,"CHK-06. O rótulo tem de trazer o valor exato do metodo selecionado, não um total generico. Se PIX e cartao mostram o mesmo número com desconto PIX ligado, o rótulo está errado. No mobile este texto vive dentro de uma pílula no rodape — conferir que não embrulha em duas linhas."
CHK-editar-bloco-invalida-pedido,CHK,Editar um bloco depois de criar o pedido invalida o pedido,Rui,J-retomar-pagamento-falho,"Retentativa sem edicao reusa o order_id; com edicao, o próximo CTA cria um pedido novo",http://localhost:8080/checkout,untested,,,,,,,,CHK-08. Existe porque `orders` não tem policy de UPDATE para `authenticated`: um bloco editado não persistiria e a function cobraria o frete/endereço antigos. Os dois caminhos precisam ser andados separadamente — é facil provar um e assumir o outro.
CHK-pix-celular-happy,CHK,"Fechar compra com PIX no celular, ponta a ponta",Marina,J-compra-pix-celular,"/pedido/:id mostra o pedido pago com a timeline em 'Pago', e recarregar a página mantem a confirmacao",http://localhost:8080/checkout,fail,BUG-20260728-edge-runtime-sem-dns;BUG-20260728-header-mobile-diverge-do-board,,,,docs/qa/evidence/2026-07-28-checkout-08-09/,../reports/2026-07-28-checkout-08-09.md,,"O caminho principal da loja em 390x844. Não termina no 'PIX gerado': termina em `/pedido/:id` sobrevivendo a um reload, com `orders.payment_status = approved` e `paid_at` no banco. Conferir no percurso: 3 blocos numerados, zero passo 'Revisao', barra de resumo colapsavel no topo, CTA fixo no rodape com o valor, e a faixa de confiança logo abaixo do CTA."
CHK-recarrega-nao-duplica-pedido,CHK,Recarregar no meio do checkout não cria um segundo pedido pending,Rui,J-compra-pix-celular,"Depois do reload, o order_id em curso volta do sessionStorage e o CTA reusa o mesmo pedido",http://localhost:8080/checkout,untested,,,,,,,,"O rascunho e o `order_id` vivem em **sessionStorage**. Sem isso, um reload criaria pedido pending novo a cada tentativa — lixo no painel do MP e risco de cobrança dupla. Prova no banco: `SELECT count(*) FROM orders WHERE payment_status='pending'` antes e depois do reload."
CHK-um-bloco-aberto,CHK,Acordeão abre o primeiro bloco incompleto e nunca dois ao mesmo tempo,Bia,J-compra-pix-celular,Exatamente um bloco aberto por vez; bloco completo colapsa mostrando resumo e 'Alterar',http://localhost:8080/checkout,pass,BUG-20260728-bloco-vazio-parece-preenchido,fixed,pass,99c90cc,docs/qa/evidence/2026-07-28-checkout-08-09/,../reports/2026-07-28-checkout-08-09.md,,Regra de CHK-03/CHK-04. Em 390px o custo de dois blocos abertos é a página virar um formulario infinito — que é exatamente o que o one-page veio resolver. Conferir também que **nenhum bloco tem botão primario próprio**: a única pílula geleia da tela é o CTA (DESIGN.md 8).
LST-celula-bloqueada-explica-por-que,LST,Célula não editável diz por quê — faixa de preço com grade e sempre disponível,Dora,J-achar-e-corrigir-na-listagem,"Produto com variações mostra a faixa ""R$ X – Y"" com o rótulo ""N preços"" e a edição inline de preço desabilitada COM explicação de que o preço vive na grade; produto com stock_policy none mostra ""sempre disponível"" e não edita",http://localhost:8081/admin/produtos,skipped,,,,,,docs/qa/reports/2026-08-02-backoffice-catalogo-11-14.md,,"`PLS-04` (P2.1 AC 9-10). A própria spec da `13` põe isso nos Edge Cases: desabilitar sem dizer por quê ""lê como bug"". Dora é exatamente quem trava — ela clica, nada acontece, e ela não sabe se é ela ou o sistema."
LST-colunas-badges-e-largura,LST,"Colunas Produto e Status com badges, menu Colunas e a tela usando a janela inteira",Nana,J-achar-e-corrigir-na-listagem,"A coluna Produto mostra thumb, nome, contagem de variações, slug e badges de pendência (sem imagem, grade incompleta); Status mostra Ativo/Esgotado/Rascunho ou a data de agendamento; o menu Colunas mostra/oculta e alterna densidade; Novo produto ▾ oferece as 3 portas; e a listagem ocupa a largura da janela em 1920 px",http://localhost:8081/admin/produtos,skipped,,,,,,docs/qa/reports/2026-08-02-backoffice-catalogo-11-14.md,,`PLS-04` AC 11-12 + `PLS-09` AC 13-14 + `RFN-08` AC 2. O `max-w-6xl` era herança de quando a listagem tinha 5 colunas; hoje tem 8 e a tabela apertava enquanto sobrava tela dos dois lados. O badge `grade incompleta` vem de `PST-10` (feature `07`) e é o que avisa que um produto tem variação ativa sem preço — a ponte entre esta tela e `PRD-linha-sem-preco-nao-vende`.
LST-consulta-no-servidor-com-count,LST,"A listagem pagina e conta no servidor, com uma requisição por página",Nana,J-achar-e-corrigir-na-listagem,"Abrir a listagem faz uma requisição de página com range, o rodapé mostra ""X–Y de N"" com o count real do servidor, e nenhum select('*') do catálogo inteiro aparece na rede",http://localhost:8081/admin/produtos,pass,,,,,,docs/qa/reports/2026-08-02-backoffice-catalogo-11-14.md,,"`PLS-01` + `PLS-02` AC 2. O defeito original: `select('*, categories(name)')` **sem `range` e sem `count`**, trazendo o catálogo inteiro com `variants` JSONB e `images` de cada produto, filtrando e paginando em memória. **A prova é de rede, não de tela** — a tabela parece igual nos dois mundos. Observar as requisições ao PostgREST (`Range`, `count=exact`) e não a aparência da lista."
LST-desfazer-da-edicao-inline,LST,O Desfazer do toast restaura o valor anterior no banco,Dora,J-achar-e-corrigir-na-listagem,Salvar uma edição inline mostra toast com ação Desfazer; usar o Desfazer devolve o valor anterior na tela E no banco (confirmado por F5),http://localhost:8081/admin/produtos,skipped,,,,,,docs/qa/reports/2026-08-02-backoffice-catalogo-11-14.md,LST-editar-na-celula-com-teclado,`PLS-03` AC 8. Dora é a persona certa: ela digita no lugar errado e precisa da rede. Um desfazer que só volta na tela é pior que nenhum — ela acredita que voltou.
LST-editar-na-celula-com-teclado,LST,"Corrigir preço ou estoque na célula, com Enter, Tab e Esc",Nana,J-achar-e-corrigir-na-listagem,"Clicar na célula abre input inline; Enter salva, Tab avança para a próxima célula editável, Esc cancela sem gravar; e o valor novo continua lá depois de um F5",http://localhost:8081/admin/produtos,skipped,,,,,,docs/qa/reports/2026-08-02-backoffice-catalogo-11-14.md,LST-desfazer-da-edicao-inline,"`PLS-03` (P2.1 AC 7). O ganho inteiro da listagem v2 mora aqui: corrigir 12 preços sem abrir 12 formulários. Nana é teclado-primeiro, então `Tab` que não avança quebra o fluxo mesmo com o save funcionando. O F5 é obrigatório na verificação: valor que só existe no estado otimista da tela é o defeito clássico desta feature."
LST-visoes-filtros-e-busca,LST,"Visões com contagem, filtros em chips e busca que cobre SKU e tag",Nana,J-achar-e-corrigir-na-listagem,"As visões (Todos, Ativos, Rascunhos, Sem estoque, Sem imagem, Sem SEO, Agendados) filtram e mostram contagem; cada filtro ativo é um chip com valor e × que o remove; e a busca acha por nome, SKU de variação e tag",http://localhost:8081/admin/produtos,skipped,,,,,,docs/qa/reports/2026-08-02-backoffice-catalogo-11-14.md,,"`PLS-02` (P2.1 AC 3-6). Buscar por SKU de variação é o que a lojista faz com a etiqueta na mão — e é a parte da busca que exige join, logo a que mais provavelmente ficou de fora. `Salvar visão atual` persiste em `localStorage` por navegador (`A22`) — não é tabela, então não sobrevive a outro navegador, e isso é declarado, não bug. Dívida declarada que não é achado: a visão `Sem estoque` para produto com grade depende de uma view no Postgres que a `13` deixou aberta e a `14` manteve declarada."
MED-alt-chega-na-loja,MED,O alt escrito no backoffice é o que a leitora de tela ouve na loja,Sofia,J-foto-e-alt-do-produto,"Na página do produto, o atributo alt da imagem é o texto gravado no jsonb quando preenchido, e o nome do produto só como fallback — não alt={product.name} genérico em todas",http://localhost:8080/produto/<slug>,skipped,,,,,,docs/qa/reports/2026-08-02-backoffice-catalogo-11-14.md,MED-alt-gerado-por-template,"`PMD-01` AC 10. É a metade da journey que vive na loja: sem ela, o alt gravado no backoffice é dado que ninguém consome — acessibilidade e SEO pagam a conta. Sofia usa TalkBack no celular; a verificação é o HTML servido, não a aparência."
MED-alt-gerado-por-template,MED,"Gerar alt-text é template determinístico, sem nenhuma chamada de rede",Nana,J-foto-e-alt-do-produto,"Tile com alt vazio mostra ""faltando"" e a ação Gerar; Gerar produz ""<nome do produto> — <rótulo>"" e marca ""gerado automaticamente"" sem nenhuma requisição de rede; com produto ainda sem nome a ação fica desabilitada em vez de gerar string vazia",http://localhost:8081/admin/produtos/:id/editar,skipped,,,,,,docs/qa/reports/2026-08-02-backoffice-catalogo-11-14.md,MED-alt-chega-na-loja,"`PMD-01` (P2.4 AC 1-2) com `A20`/`AD-011`: os artboards dizem ""Gerar"" e ""Alt gerado automaticamente"", **nunca** ""com IA"". Uma requisição de rede durante o `Gerar` é achado — significaria provedor de IA não declarado no projeto. Determinístico é verificável: gerar duas vezes dá a mesma string."
MED-estudio-nao-grava-sem-aplicar,MED,Fechar o estúdio sem aplicar não deixa rastro no Storage nem em images,Nana,J-foto-e-alt-do-produto,"O estúdio abre em ~1360 px em três colunas (origem/palco/ajustes) com filmstrip, camadas e controle de saída; compor 4 renders, ajustar escala, Aplicar a todos e fechar SEM aplicar não grava nada no Storage nem em products.images",http://localhost:8081/admin/produtos/:id/editar,skipped,,,,,,docs/qa/reports/2026-08-02-backoffice-catalogo-11-14.md,,"`PMD-05` (P3.1 AC 1-3, 7-8). O estúdio rodava num dialog de 768 px — aprovar um render de 1600 px num palco de thumb é decidir no escuro. ""Nada é salvo antes de você aplicar"" é promessa escrita no rodapé da tela; se o composto vaza para o Storage ao fechar, a promessa é falsa e o bucket acumula lixo invisível. Conferir o bucket, não a tela."
MED-imagem-por-variacao-na-loja,MED,A variação com imagem própria troca a foto em destaque na loja,Marina,J-foto-e-alt-do-produto,"Apontar uma imagem da galeria para a variação faz a página do produto trocar a imagem em destaque ao escolher aquela combinação; variação sem imagem própria usa a principal; e remover da galeria uma imagem usada por variação faz a variação voltar à principal, sem referência quebrada",http://localhost:8081/admin/produtos/:id/editar; http://localhost:8080/produto/<slug>,skipped,,,,,,docs/qa/reports/2026-08-02-backoffice-catalogo-11-14.md,,"`PMD-06` + `PFM-17` (P3.2 AC 1-3). O selo `Mockup` (`PMD-03`, `images[].source`) é conferido na mesma passada: imagem vinda do estúdio mostra o selo, enviada à mão não. Marina no celular é quem fecha: é lá que a troca de imagem acontece de verdade."
MED-upload-rejeita-antes-de-comprimir,MED,"Arquivo de 12 MB é rejeitado nominalmente, antes de entrar no canvas",Nana,J-foto-e-alt-do-produto,"A copy da dropzone diz ""PNG, JPG ou WebP até 8 MB · convertidas para WebP 1600 px""; um arquivo de 12 MB é rejeitado nomeando arquivo e motivo sem travar a aba; e num lote de 6 com 2 inválidos os 4 válidos sobem com progresso individual",http://localhost:8081/admin/produtos/:id/editar,skipped,,,,,,docs/qa/reports/2026-08-02-backoffice-catalogo-11-14.md,BLK-grade-rapida-imagem-na-celula,"`PMD-02` + `PMD-04` (P2.4 AC 4, 6-7). O defeito era a copy mentir: dizia `máx. 5MB` e `handleFiles` não validava tamanho algum — um arquivo de 40 MB entrava, ia para o canvas e travava a aba. A prova é **dupla**: rejeitar **e** não ter passado pelo canvas. Rejeitar depois de comprimir é o mesmo defeito com mensagem. Falha parcial não cancela o lote (edge case da spec)."
MED-webp-1600-no-storage,MED,Todo WebP gravado no Storage tem no máximo 1600 px no maior lado,Nana,J-foto-e-alt-do-produto,"Uma imagem de 3 MB aceita é convertida para WebP com no máximo 1600 px no maior lado, verificável no arquivo servido por /storage/v1/object/public/product-images/",http://localhost:8081/admin/produtos/:id/editar,skipped,,,,,,docs/qa/reports/2026-08-02-backoffice-catalogo-11-14.md,,"`PMD-02` AC 5. Eram 1200 px — pequeno demais para o zoom de uma vitrine que vende detalhe de estampa. A verificação é no **arquivo**, não na tela: baixar o objeto do Storage e medir."
ORD-confirmacao-sobrevive-reload,ORD,Confirmacao do pedido sobrevive a um reload,Marina,J-compra-pix-celular,"Recarregar /pedido/:id continua mostrando mascote, número, valor pago e a timeline no estágio certo",http://localhost:8080/pedido/:id,blocked-verify,BUG-20260728-edge-runtime-sem-dns,,,,,../reports/2026-07-28-checkout-08-09.md,,"A confirmacao era estado interno do checkout e **morria no reload**: o carrinho é limpo na aprovação, entao a página caia em 'carrinho vazio'. Virou rota própria. Conferir também: uma única pílula geleia na tela ('Acompanhar pedido'), com 'Ver mais pins' em contorno."
ORD-timeline-sem-depender-de-cor,ORD,Estágio do pedido é legivel sem depender de cor,Sofia,J-compra-pix-celular,Concluido/atual/futuro se distinguem por forma (preenchido/anel/contorno) e são anunciados pelo leitor de tela,http://localhost:8080/pedido/:id,blocked-verify,BUG-20260728-edge-runtime-sem-dns,,,,,../reports/2026-07-28-checkout-08-09.md,,"A timeline monocromatica substituiu cinco badges coloridas de status. O ponto não é estético: quem usa leitor de tela ou não distingue cores precisa saber em que estágio o pedido está. Conferir também que 'Pago' lê `paid_at`, não `orders.status` — o RPC de aprovação deixa `status` em `pending` e grava `payment_status='approved'`; quem olhasse `status` mostraria pedido pago como não pago."
PAY-cartao-sem-pan-no-backend,PAY,Dados do cartao nunca chegam ao backend da loja,Léo,J-compra-cartao-parcelado,Nenhuma requisicao para *.supabase.* contem PAN ou CVV; só o token do Brick,http://localhost:8080/checkout,blocked-verify,BUG-20260728-edge-runtime-sem-dns,,,,,../reports/2026-07-28-checkout-08-09.md,,PCI SAQ-A. Verificavel só com o painel de rede aberto durante um pagamento real de sandbox — não ha' teste automatizado que prove isso. Conferir também que o CPF do **pedido** sobrescreve o `payer.identification` que o Brick manda.
PAY-cpf-obrigatorio-e-valido,PAY,"PIX exige CPF do pagador, validado por dígito verificador",Bia,J-compra-pix-celular,CPF invalido mostra erro no campo e mantem o CTA desabilitado; valido libera,http://localhost:8080/checkout,pass,,,,,docs/qa/evidence/2026-07-28-checkout-08-09/,../reports/2026-07-28-checkout-08-09.md,,A API do Mercado Pago exige `payer.identification` para PIX no Brasil. Antes da 08 o CPF era coletado e **jogado fora**. Bia é a persona certa aqui: ela não entende por que a loja quer o CPF dela. Conferir se a justificativa ao lado do campo responde essa pergunta.
PAY-cpf-persistido-e-preenchido,PAY,CPF é salvo e volta preenchido na compra seguinte,Marina,J-recompra-endereco-salvo,customers.cpf gravado após a compra; no checkout seguinte o campo já vem preenchido,http://localhost:8080/checkout,untested,,,,,,,,"Prova no banco, não na tela. `.update()` no Supabase **não lanca quando a RLS nega** — devolve 0 linhas sem `error`. Uma tela dizendo 'salvo' não prova nada; conferir `SELECT cpf FROM customers`."
PAY-pix-expirado-mesmo-pedido,PAY,PIX expirado gera código novo no mesmo pedido,Rui,J-retomar-pagamento-falho,Novo código emitido para o MESMO order_id; nenhum pedido novo criado; aponta para /conta,http://localhost:8080/checkout,blocked-verify,BUG-20260728-edge-runtime-sem-dns,,,,,../reports/2026-07-28-checkout-08-09.md,,Conferir a contagem de pedidos no banco antes e depois de gerar o segundo código. Um pedido novo aqui seria pedido órfão no painel do MP.
PAY-pix-tela-mostra-valor,PAY,Tela do PIX mostra quanto vai ser pago,Marina,J-compra-pix-celular,"Valor em destaque com a nota do desconto PIX, contador mm:ss em contagem regressiva, QR e botão Copiar",http://localhost:8080/checkout,fail,BUG-20260728-edge-runtime-sem-dns,,,,docs/qa/evidence/2026-07-28-checkout-08-09/,../reports/2026-07-28-checkout-08-09.md,,"A tela não mostrava o valor — o dado mais basico dela. Conferir também que **não existe** botão 'ja' paguei': a tela avanca sozinha por Realtime, e ha' um indicador de escuta ativa. No mobile: o QR precisa caber sem scroll horizontal e o código copia-e-cola não pode empurrar o layout."
PAY-webhook-duplicado-baixa-1x,PAY,Webhook reentregue não baixa o estoque duas vezes,Rui,J-retomar-pagamento-falho,"Com a mesma notificação entregue 2-3x, products.stock_total decrementa exatamente 1x",webhook: POST /functions/v1/mercado-pago?action=webhook,blocked-verify,BUG-20260728-edge-runtime-sem-dns,,,,,../reports/2026-07-28-checkout-08-09.md,,"Idempotência herdada da 02, mas a **Orders API mudou o formato** da notificação na 09 — e o MP entregou 2 notificações por order durante a validação de sandbox. Reconferir. Conferir também: assinatura invalida devolve 401 e não altera nada."
PRD-cadastro-com-grade-happy,PRD,"Cadastrar produto com 2 eixos e preço por linha, até aparecer na loja",Nana,J-cadastrar-produto-com-grade,"O produto publicado aparece em /produto/<slug> com os dois seletores, a faixa ""a partir de R$ X"" e o preço da combinação escolhida igual ao gravado em product_variants",http://localhost:8081/admin/produtos/novo,pass,BUG-20260802-loja-nao-mostra-nenhum-produto,fixed,pass,eca8b64,docs/qa/evidence/2026-08-02-backoffice-catalogo-11-14/loja-produto-nao-encontrado.png,docs/qa/reports/2026-08-02-backoffice-catalogo-11-14.md,,"A walk completa da feature `11`: 5 abas (`PFM-01`), eixos livres com presets e teto de 3 (`PFM-07`), grade com preço absoluto por linha agrupada pelo 1º eixo e rodapé `N variações · faixa R$ X – Y · Z un.` (`PFM-08` AC 7-8, 13), aviso de precedência da grade sobre o preço padrão (`PFM-15`). Só está andado quando a loja mostra o resultado — o preço cobrado é recalculado no servidor a partir de `product_variants.price`, então uma grade gravada que a vitrine não lê é produto que existe e não vende. Conferir a linha no banco, não a tela (`AD-012`)."
PRD-checklist-e-resumo-dizem-a-verdade,PRD,"Checklist com progresso e Resumo mostrando a faixa de preço, sem -Infinity",Nana,J-nao-perder-o-trabalho-no-formulario,"O checklist mostra badge ""N de M"", barra de progresso e a ação por item pendente (Ir → / Gerar), bloqueando Salvar e publicar mas não Salvar rascunho; o Resumo mostra ""Faixa de preço R$ X – Y"" quando há grade; e preço 0 com custo preenchido não renderiza card de margem",http://localhost:8081/admin/produtos/:id/editar,pass,BUG-20260802-gerar-do-seo-nao-gera-nada,fixed,pass,7ba37ef,,docs/qa/reports/2026-08-02-backoffice-catalogo-11-14.md,,"`PFM-14` + `PFM-12` (P1.7 AC 4-5, 12-13) + `RFN-07` (AC 4-7). O `-Infinity` era literal: a margem dividia por `form.price` guardando só contra `cost_price > 0`. O Resumo mostrar `base_price` em vez da faixa **não é detalhe de layout** — é o defeito que o programa `07`→`14` existiu para matar: produto com grade não vende pelo `base_price`."
PRD-erro-em-aba-fechada-aponta,PRD,Salvar com pendência em aba fechada bloqueia e aponta a aba e o campo,Dora,J-nao-perder-o-trabalho-no-formulario,"O save é bloqueado, a aba com pendência exibe um badge com a contagem de erros, e clicar no badge abre a aba e foca o primeiro campo inválido — nunca um toast genérico ""Erro ao salvar produto""",http://localhost:8081/admin/produtos/novo,skipped,,,,,,docs/qa/reports/2026-08-02-backoffice-catalogo-11-14.md,,"`PFM-11` (P1.7 AC 1-3). A regressão mais provável de toda a `11`, e a mais invisível: o `required` do preço vivia dentro do `TabsContent value=""precos""` e o `Tabs` do Radix **desmonta o conteúdo inativo** — salvar de outra aba passava batido. A validação tinha que sair do input. Dora é a persona certa: ela preenche o que entende (nome, foto) e não sabe que existe uma aba de preço."
PRD-excluir-variacao-vendida,PRD,"Excluir variação já vendida é recusado, nomeando os pedidos e oferecendo Pausar",Nana,J-cadastrar-produto-com-grade,"A exclusão é recusada com a contagem de pedidos que referenciam a variação e a ação Pausar no lugar — nunca um erro de FK cru, nunca o histórico do pedido perdido",http://localhost:8081/admin/produtos/:id/editar,skipped,,,,,,docs/qa/reports/2026-08-02-backoffice-catalogo-11-14.md,,"`PFM-08` AC 9a. A FK `order_items.variant_id → product_variants(id)` não tem `ON DELETE`, então excluir estoura erro de banco cru na cara da lojista — e se algum dia ganhar `CASCADE`, apaga item de pedido pago. Cenário de severidade alta: mistura dinheiro (histórico de venda) com uma ação de um clique. Pausar (`is_active = false`) é o caminho correto — a linha sai da loja e o histórico fica."
PRD-grade-regerar-com-diff,PRD,Regerar do cruzamento mostra o diff antes e preserva o que já tinha preço,Nana,J-cadastrar-produto-com-grade,"Regerar exibe ""N a criar · M a remover"" antes de aplicar, e as combinações que já existiam mantêm preço, promo, estoque, SKU, peso e imagem",http://localhost:8081/admin/produtos/:id/editar,pass,,,,,,docs/qa/reports/2026-08-02-backoffice-catalogo-11-14.md,,`PFM-08` AC 6 + o edge case de reduzir os eixos de 3 para 2: nenhuma variação pode sumir sem a lojista confirmar. É o caminho onde um bug apaga trabalho pago — 20 linhas de preço preenchidas à mão. Cancelar o diff tem que deixar a grade intacta.
PRD-linha-sem-preco-nao-vende,PRD,Variação ativa sem preço marca a linha e bloqueia o publicar,Nana,J-cadastrar-produto-com-grade,"A linha ativa sem preço fica com borda de erro e a frase ""sem preço a variação não entra na loja"", Salvar e publicar é bloqueado, e o rodapé calcula a faixa só sobre linhas ativas com preço",http://localhost:8081/admin/produtos/:id/editar,pass,,,,,,docs/qa/reports/2026-08-02-backoffice-catalogo-11-14.md,,"`PFM-08` AC 11 + 13. É a pendência mais provável no uso real: a lojista gera 6 linhas e preenche 5. A regra vem da `07`/T2, que decidiu que variação sem preço **nasce pausada e não vendável** — porque ativa e sem preço a loja mostraria a combinação, a cliente compraria, e o servidor cairia no fallback de `base_price`. Undercharge esperando acontecer."
PRD-mascaras-e-politica-de-estoque,PRD,"Colar R$ da planilha, digitar peso em gramas e escolher a política de estoque",Nana,J-cadastrar-produto-com-grade,"""R$ 1.234,56"" colado vira 1234.56 no banco; ""18"" no peso exibe ""18 g"" e persiste 0.018 kg; texto sem número não vira NaN; a política é um segmentado de 3 modos e ""Não controlar"" desabilita a coluna Estoque da grade",http://localhost:8081/admin/produtos/:id/editar,pass,,,,,,docs/qa/reports/2026-08-02-backoffice-catalogo-11-14.md,,"`PFM-10` (consumo dos inputs mascarados entregues pela `07`) + `PFM-09`. Nana cola da planilha onde controla custos — é o caminho real, não um caso de borda. `0,018` kg digitado à mão é convite a errar uma ordem de grandeza, e peso errado é frete errado: o valor vai para a cotação do Melhor Envio. Conferir o **banco**, não o campo."
PRD-rascunho-sobrevive-ao-f5,PRD,Alterar um campo e dar F5 oferece restaurar o rascunho,Nana,J-nao-perder-o-trabalho-no-formulario,"A tela mostra ""Rascunho salvo automaticamente · há N s""; depois de um F5 o formulário do mesmo produto oferece restaurar; e um save bem-sucedido descarta o rascunho daquele produto",http://localhost:8081/admin/produtos/:id/editar,skipped,,,,,,docs/qa/reports/2026-08-02-backoffice-catalogo-11-14.md,,"`PFM-13` (P1.7 AC 6-8). O defeito original: um F5 perdia tudo, sem rascunho nem guarda de saída — e o formulário do produto é a tela mais longa do backoffice. Chaveado por produto no `sessionStorage` (`nanapin-product-draft`): o rascunho do produto A não pode aparecer ao abrir o produto B. Conferir também que `sessionStorage` cheio/indisponível falha em silêncio sem quebrar o formulário."
PRD-saida-e-descarte-pedem-confirmacao,PRD,Sair com alteração não salva e Descartar pedem confirmação nomeada,Dora,J-nao-perder-o-trabalho-no-formulario,"O cabeçalho fixo mostra o badge ""Alterações não salvas""; sair (navegação interna ou fechar aba) pede confirmação; e Descartar abre confirmação nomeando o que se perde, sem apagar nada antes do aceite",http://localhost:8081/admin/produtos/:id/editar,skipped,,,,,,docs/qa/reports/2026-08-02-backoffice-catalogo-11-14.md,,"`PFM-13` (AC 9-10) + `RFN-08` AC 1. `Descartar` era a **única ação destrutiva do formulário sem confirmação** — e Dora clica nela achando que significa ""fechar sem salvar""."
PRD-slug-301-preserva-link-antigo,PRD,Mudar o slug de produto publicado com 301 mantém o link do Stories vivo,Marina,J-mudar-url-sem-quebrar-link,"Ao alterar o slug de um produto publicado aparece aviso âmbar de 301 com toggle ligado por padrão; depois de salvar, abrir a URL antiga na loja (celular, aba nova) chega à página do produto",http://localhost:8081/admin/produtos/:id/editar; http://localhost:8080/produto/<slug-antigo>,skipped,,,,,,docs/qa/reports/2026-08-02-backoffice-catalogo-11-14.md,,"`PFM-04` (P1.5 AC 6-7) na gravação + `PST-07` (feature `07`) na resolução. Único cenário de backoffice cuja prova final é **mobile**: o link divulgado é do Stories e o clique real acontece no navegador do Instagram. Inclui a regra sutil do AC 9: se o slug novo já estava em `product_redirects` apontando para outro produto, o registro conflitante é removido — slug ativo vence redirect, senão um produto vivo fica inalcançável."
PRD-slug-disponibilidade-antes-do-save,PRD,"Slug duplicado é detectado enquanto se digita, não no insert",Nana,J-mudar-url-sem-quebrar-link,"Digitar um slug existente mostra ""Já existe"" em vermelho com sugestão de sufixo e bloqueia o Salvar apontando o campo; um slug livre mostra ""Disponível"" em verde, com debounce (a consulta não roda a cada tecla)",http://localhost:8081/admin/produtos/:id/editar,skipped,,,,,,docs/qa/reports/2026-08-02-backoffice-catalogo-11-14.md,,"`PFM-03` (P1.5 AC 4-5). O defeito 15: o slug duplicado só falhava quando o `UNIQUE` do banco estourava, virando o toast genérico ""Erro ao salvar produto"" — depois de a lojista ter preenchido a tela inteira. O debounce faz parte do requisito: sem ele são N consultas por palavra digitada."
PRD-slug-mora-so-em-seo,PRD,"O slug tem um único campo, na aba SEO, e Geral só mostra a URL",Nana,J-mudar-url-sem-quebrar-link,"A aba Geral exibe a URL como linha de leitura com o link ""Editar em SEO →"" e nenhum campo editável de slug; o campo ""URL personalizada"" existe só na aba SEO",http://localhost:8081/admin/produtos/:id/editar,skipped,,,,,,docs/qa/reports/2026-08-02-backoffice-catalogo-11-14.md,,"`PFM-02` (P1.5 AC 1). Antes havia **dois** campos editáveis para o mesmo dado (Geral e SEO) — a lojista editava um e o outro sobrescrevia. Conferir também que a URL exibida usa o domínio certo (`nanita.com.br`): o `STORE_URL_PREFIX` do `SlugField` mostrava `nanapin.com.br` até o rebrand, ou seja mostrava à lojista uma URL pública que não existe."
PRD-slug-vinculo-com-o-nome,PRD,"O slug segue o nome até ser editado à mão, e a tela avisa quando o vínculo rompe",Nana,J-mudar-url-sem-quebrar-link,"Mudar o nome antes de tocar no slug regera o slug; depois de editar o slug à mão, mudar o nome não altera mais a URL — e a tela informa isso",http://localhost:8081/admin/produtos/novo,skipped,,,,,,docs/qa/reports/2026-08-02-backoffice-catalogo-11-14.md,,"`PFM-02`/`PFM-04` (P1.5 AC 2-3). O silêncio é o risco: se o vínculo romper sem aviso, a lojista renomeia o produto, acha que a URL acompanhou, divulga a URL antiga e ela não existe. Com o toggle de 301 desligado (AC 10), nenhum registro é criado — escolha consciente, não surpresa."
PRD-taxonomia-nao-suja,PRD,Tags com dedupe tolerante e categorias múltiplas que voltam na ordem,Nana,J-cadastrar-produto-com-grade,"""Naruto"" com ""naruto"" existente gera aviso âmbar com Usar a existente / Manter sem substituir sozinho; colar três tags cria três chips; o teto de 15 bloqueia com ""15 de 15""; e as categorias escolhidas voltam na mesma ordem depois de salvar e recarregar",http://localhost:8081/admin/produtos/novo,skipped,,,,,,docs/qa/reports/2026-08-02-backoffice-catalogo-11-14.md,CAT-criar-inline-sem-perder-rascunho,"`PFM-06` (AC 6-11) + `PFM-05` (AC 1-4). O defeito original criava `Naruto`, `naruto` e `naruto ` como coisas diferentes, e isso vaza para os filtros da listagem e da vitrine. A ordem das categorias não é estética: `product_categories.position` é o desempate de qual categoria a loja exibe no selo do produto (`PST-06`)."
SHP-cotacao-indisponivel-nao-bloqueia,SHP,Melhor Envio fora do ar não impede a compra,Marina,J-frete-real-melhor-envio,Aparece opção única 'Frete padrão' com default_shipping_cost e um aviso; a compra conclui,http://localhost:8080/checkout,fail,BUG-20260728-frete-fallback-sem-aviso,,,,docs/qa/evidence/2026-07-28-checkout-08-09/,../reports/2026-07-28-checkout-08-09.md,,Perder a venda é pior que cobrar o flat configurado. O aviso tem de ser visível — falha de terceiro silenciosa é pior que falha explicita. Forcar derrubando a edge function `melhor-envio` ou bloqueando a rota no browser.
SHP-dimensoes-reais-na-cotacao,SHP,"Cotação usa peso e dimensoes reais do produto, não os fallbacks",Marina,J-frete-real-melhor-envio,Produto com weight_kg/width_cm cadastrados produz cotação diferente de produto sem,http://localhost:8080/checkout,blocked-verify,,,,,,../reports/2026-07-28-checkout-08-09.md,,"Os mappers de produto descartavam `weight_kg`/`width_cm`/`height_cm`/`length_cm`, entao a cotação 'real' saia sempre com os fallbacks 11/2/16/0,1 — **frete errado com cara de certo**. Não dá para verificar isso olhando a tela: precisa comparar duas cotações, uma com dimensao cadastrada e outra sem, e ver que os valores diferem."
SHP-fronteira-frete-gratis,SHP,Subtotal exatamente igual ao threshold libera o frete gratis,Léo,J-frete-real-melhor-envio,"Com threshold 150 e subtotal 150,00 exatos, a opção mais barata mostra 'Gratis' com preço riscado",http://localhost:8080/checkout,blocked-verify,,,,,,../reports/2026-07-28-checkout-08-09.md,,"A comparação é `>=`, não `>`. Esta igualdade exata **ja sobreviveu a um mutante** — todos os testes usavam subtotal 200 contra threshold 150, e a fronteira não tinha sensor. Conferir também o lado de baixo: 149,99 não libera."
SHP-opcoes-com-data-de-entrega,SHP,"Cada opção de envio mostra transportadora, preço e data",Marina,J-frete-real-melhor-envio,"Opções mostram data ('Chega entre 4 e 6 de agosto'), nunca prazo generico em dias",http://localhost:8080/checkout,blocked-verify,,,,,,../reports/2026-07-28-checkout-08-09.md,,Antes da 08 os três prazos eram string fixa ('6-10 dias uteis'). A data é `hoje + handling_days + delivery_range` em dias uteis (seg-sex). No mobile cada linha de opção tem radio + transportadora + preço: conferir que a linha não estoura a largura nem embrulha o nome do serviço.
SHP-snapshot-destrava-backoffice,SHP,Pedido criado pela loja pode ter etiqueta cotada no backoffice,Léo,J-frete-real-melhor-envio,"A aba Melhor Envio do pedido cota sem estourar TypeError, porque orders.address_zip está preenchido",http://localhost:8081/admin/pedidos,untested,,,,,,,,"Bug vivo antes da 08: `AddressStep` não devolvia o CEP, `orders.address_zip` ficava nulo, e `MelhorEnvioTab.tsx:71` fazia `order.address_zip.replace(...)` — **TypeError em qualquer pedido criado pela loja**. SÓ é verificavel atravessando as duas superficies: comprar na loja, depois abrir no backoffice. Nenhum teste de componente pega isso."
SHP-trocar-cep-descarta-frete,SHP,Trocar o CEP depois de escolher o frete descarta a seleção,Rui,J-frete-real-melhor-envio,"Seleção zerada, shipping_cost volta a 0, CTA desabilita e o pedido em curso é invalidado",http://localhost:8080/checkout,untested,,,,,,,,Nunca cobrar o frete de um CEP antigo. Cobre também a corrida: resposta de uma cotação anterior chegando depois não pode sobrescrever o resultado do CEP novo.
